{
  "000010.SZ": 29383.951022407724,
  "000026.SZ": 24538.566418451486,
  "000036.SZ": 27216.443077220887,
  "000040.SZ": 29318.772827940727,
  "000046.SZ": 26574.920255306348,
  "600006.SH": 29424.541902801826,
  "600012.SH": 26568.60264848111,
  "600018.SH": 26240.510060902052,
  "600020.SH": 28603.03627817774,
  "600032.SH": 23717.739542975964,
  "600038.SH": 22515.67378538819,
  "600040.SH": 24055.730161958607,
  "600048.SH": 22393.767241159512
}