{
  "000010.SZ": 28404.485988327466,
  "000026.SZ": 21812.059038623545,
  "000036.SZ": 26208.426666953445,
  "000040.SZ": 25653.926224448136,
  "000046.SZ": 23917.428229775713,
  "600006.SH": 26972.496744235006,
  "600012.SH": 25809.49971566736,
  "600018.SH": 22741.77538611511,
  "600020.SH": 26815.34651079163,
  "600032.SH": 19764.782952479967,
  "600038.SH": 21389.89009611878,
  "600040.SH": 21650.157145762747,
  "600048.SH": 17915.01379292761
}