{
  "v1.1_like": {
    "cagr": 0.008647188092101299,
    "sharpe": 0.1551055285433278,
    "max_drawdown": -0.13294176802945923,
    "excess_cagr": 0.013758803930600694,
    "annual_turnover": 2.267786741034521,
    "total_fees": 28806.0242808326,
    "maximum_target_industry_weight": 0.301835898841261,
    "buffered_selection_ratio": 0.0,
    "average_size_exposure_z": -0.052156653388407546
  },
  "v1.2_no_buffer": {
    "cagr": 0.0044298025675642005,
    "sharpe": 0.0973368875773627,
    "max_drawdown": -0.1326306553802481,
    "excess_cagr": 0.009598313535672642,
    "annual_turnover": 2.445946218704199,
    "total_fees": 30337.406535258102,
    "maximum_target_industry_weight": 0.25,
    "buffered_selection_ratio": 0.0,
    "average_size_exposure_z": -0.06792201854019218
  },
  "v1.2_full": {
    "cagr": 0.0073805324477653755,
    "sharpe": 0.1376836929329798,
    "max_drawdown": -0.1214679901262129,
    "excess_cagr": 0.01230032463854036,
    "annual_turnover": 2.1045121076669564,
    "total_fees": 26950.274220954285,
    "maximum_target_industry_weight": 0.25,
    "buffered_selection_ratio": 0.7983512999365885,
    "average_size_exposure_z": -0.04114062605719194
  }
}